<?xml version="1.0" encoding="US-ASCII"?>
<SoftwareAG_License>
	<Component Id="SalesInfo">
		<SerialNumber>4720</SerialNumber>
		<LicenseKey>88A06EA9C865581AC5F5DB7AD685B408</LicenseKey>
		<CustomerID>ARIS RnD Testkey</CustomerID>
		<CustomerName>Software AG</CustomerName>
		<PartnerID>N/A</PartnerID>
		<PartnerName>N/A</PartnerName>
	</Component>

	<Component Id="ProductInfo">
		<ExpirationDate>2018/07/01</ExpirationDate>
		<OS>WinVista, winxp_pro, w2003s, w2003e</OS>
		<ProductCode>YAP</ProductCode>
		<ProductName>webMethods API-Portal</ProductName>
		<ProductVersion>10.0</ProductVersion>
		<Usage>Test</Usage>
	</Component>

	<Component Id="LicenseInfo">
		<PriceUnit>TEN</PriceUnit>
		<PriceQuantity>2</PriceQuantity>
		<LicenseVersion>1.2</LicenseVersion>
		<LicenseType>Standard License</LicenseType>
		<ExtendedRights></ExtendedRights>
	</Component>

	<Component Id="ARISProductInfo">
		<ProductCode >YAP</ProductCode >
		
	</Component>

</SoftwareAG_License>
